epochs,losses,size_losses,religion_losses,ethnicity_losses,religion_accuracies,ethnicity_accuracies,size_accuracies,relative_size_accuracies,overall_accuracies,cumulative_time_seconds,epoch_time_seconds,tau_values,learning_rate,hidden_channels,combination_id
1,32.08649444580078,4.961019039154053,13.664709091186523,13.460765838623047,38.88563049853372,53.2258064516129,16.77170868347339,51.18463360974784,47.76535685329815,2.008108139038086,2.008108139038086,0.995,0.001,64,lr_0.001_hc_64
2,31.136863708496094,4.063307762145996,13.50930404663086,13.564251899719238,39.60410557184751,51.61290322580645,18.277310924369747,55.17854120832628,48.79851666866008,3.796995162963867,1.7148888111114502,0.990025,0.001,64,lr_0.001_hc_64
3,29.687740325927734,3.565924882888794,13.085046768188477,13.03676700592041,40.36656891495601,53.26979472140763,19.11764705882353,56.041631409713986,49.89266501535921,5.590907335281372,1.720060110092163,0.985074875,0.001,64,lr_0.001_hc_64
4,29.232954025268555,3.11409068107605,12.894112586975098,13.224750518798828,40.542521994134894,53.1524926686217,20.098039215686274,57.92012184802844,50.538378836928345,7.383136510848999,1.7171154022216797,0.9801495006250001,0.001,64,lr_0.001_hc_64
5,28.68015480041504,2.756073474884033,12.80239486694336,13.121686935424805,40.483870967741936,53.856304985337246,20.063025210084035,59.0032154340836,51.11446379572092,9.176110029220581,1.7192482948303223,0.9752487531218751,0.001,64,lr_0.001_hc_64
6,28.04888916015625,2.5363447666168213,12.686467170715332,12.826077461242676,40.117302052785924,53.31378299120234,20.658263305322127,60.18784904383144,51.20631136260657,10.967090368270874,1.718975305557251,0.9703725093562657,0.001,64,lr_0.001_hc_64
7,27.193758010864258,2.428990602493286,12.147479057312012,12.617288589477539,41.671554252199414,54.39882697947213,20.588235294117645,60.84785919783382,52.30608014316845,12.761005163192749,1.7208373546600342,0.9655206468094844,0.001,64,lr_0.001_hc_64
8,27.045162200927734,2.3426513671875,11.913091659545898,12.789420127868652,42.33137829912024,54.39882697947213,22.128851540616246,61.06786258250128,52.59935595369788,14.894818544387817,2.0600638389587402,0.960693043575437,0.001,64,lr_0.001_hc_64
9,26.488502502441406,2.2205214500427246,11.718514442443848,12.549468040466309,43.328445747800586,54.692082111436946,20.623249299719888,61.72787273650364,53.249466865247065,16.74489665031433,1.7768261432647705,0.9558895783575597,0.001,64,lr_0.001_hc_64
10,25.707805633544922,2.2410802841186523,11.32938289642334,12.137343406677246,43.94428152492669,54.325513196480934,21.183473389355743,61.06786258250128,53.11255243463629,18.540952920913696,1.7221543788909912,0.9511101304657719,0.001,64,lr_0.001_hc_64
11,24.929555892944336,2.191488027572632,10.84032154083252,11.897746086120605,45.01466275659824,55.52785923753666,21.568627450980394,61.93095278388898,54.15782492600796,20.31879162788391,1.7059175968170166,0.946354579813443,0.001,64,lr_0.001_hc_64
12,24.135845184326172,2.210392951965332,10.28874683380127,11.63670539855957,46.27565982404692,55.98240469208211,21.288515406162464,62.150956168556434,54.803006894895155,22.090166330337524,1.6970975399017334,0.9416228069143757,0.001,64,lr_0.001_hc_64
13,23.63353729248047,2.248730182647705,9.867682456970215,11.51712417602539,47.214076246334315,56.95014662756598,20.938375350140056,61.76171941106786,55.30864742832272,23.831995964050293,1.6699557304382324,0.9369146928798039,0.001,64,lr_0.001_hc_64
14,23.191980361938477,2.2653491497039795,9.429031372070312,11.497599601745605,47.82991202346041,55.60117302052786,21.1484593837535,61.91402944660687,55.11503816353171,25.627087593078613,1.7210586071014404,0.9322301194154049,0.001,64,lr_0.001_hc_64
15,22.551851272583008,2.426039218902588,8.911781311035156,11.214031219482422,48.401759530791786,56.73020527859237,20.063025210084035,60.81401252326959,55.31532577755125,27.42101502418518,1.7231154441833496,0.9275689688183278,0.001,64,lr_0.001_hc_64
16,21.621017456054688,2.485537052154541,8.302971839904785,10.832508087158203,50.55718475073314,58.196480938416414,20.168067226890756,60.86478253511592,56.53948274142183,29.205862522125244,1.7111353874206543,0.9229311239742362,0.001,64,lr_0.001_hc_64
17,20.801063537597656,2.5236222743988037,7.882489204406738,10.394952774047852,52.228739002932556,58.16715542521994,20.903361344537817,61.69402606193941,57.36330683003064,30.96891975402832,1.6901874542236328,0.918316468354365,0.001,64,lr_0.001_hc_64
18,19.890409469604492,2.6663644313812256,7.285192012786865,9.93885326385498,52.873900293255126,59.66275659824048,21.04341736694678,59.98476899644609,57.50714196264723,32.77504920959473,1.7321038246154785,0.9137248860125932,0.001,64,lr_0.001_hc_64
19,19.011184692382812,2.8386874198913574,6.698530673980713,9.473966598510742,54.07624633431085,59.941348973607035,21.673669467787114,60.86478253511592,58.29412594767794,34.53674674034119,1.6870760917663574,0.9091562615825302,0.001,64,lr_0.001_hc_64
20,18.366512298583984,2.885575771331787,6.188541412353516,9.292394638061523,56.04105571847507,60.86510263929619,20.3781512605042,60.20477238111356,59.036976912961606,36.32814002037048,1.719343662261963,0.9046104802746175,0.001,64,lr_0.001_hc_64
21,17.639625549316406,3.0713765621185303,5.65823221206665,8.910017013549805,58.313782991202345,61.74486803519061,20.238095238095237,59.42629886613639,59.828316630843126,38.120588064193726,1.7188000679016113,0.9000874278732445,0.001,64,lr_0.001_hc_64
22,17.099445343017578,3.15460205078125,5.30820894241333,8.63663387298584,58.13782991202346,62.272727272727266,19.782913165266105,58.918598747673045,59.776385310807925,39.91395020484924,1.7212519645690918,0.8955869907338783,0.001,64,lr_0.001_hc_64
23,16.340301513671875,3.409585952758789,4.9469709396362305,7.983745098114014,60.23460410557184,63.841642228739005,21.218487394957982,58.42782196649179,60.83468943360087,41.703665018081665,1.7168827056884766,0.8911090557802088,0.001,64,lr_0.001_hc_64
24,15.964241027832031,3.429860830307007,4.578949928283691,7.955430030822754,61.39296187683284,63.724340175953074,20.168067226890756,58.93552208495516,61.350941379247026,43.485867977142334,1.7090215682983398,0.8866535105013078,0.001,64,lr_0.001_hc_64
25,15.074663162231445,3.6021063327789307,4.122006416320801,7.350550174713135,62.63929618768328,64.32551319648094,20.588235294117645,58.12320189541378,61.69600375985933,45.28361392021179,1.7237327098846436,0.8822202429488013,0.001,64,lr_0.001_hc_64
26,15.013704299926758,3.591046094894409,4.044975280761719,7.377682685852051,63.577712609970675,64.66275659824046,21.008403361344538,59.03706210864783,62.42584377228631,47.07477641105652,1.7206857204437256,0.8778091417340573,0.001,64,lr_0.001_hc_64
27,14.239189147949219,3.5480411052703857,3.697070837020874,6.994076728820801,64.83870967741936,65.39589442815249,21.323529411764707,59.22321881875106,63.15260764144096,49.09280610084534,1.9449617862701416,0.8734200960253871,0.001,64,lr_0.001_hc_64
28,13.788074493408203,3.584547281265259,3.5861947536468506,6.6173319816589355,65.19061583577712,65.6891495601173,22.023809523809522,59.8324589609071,63.570741452267164,50.883970737457275,1.7160542011260986,0.8690529955452602,0.001,64,lr_0.001_hc_64
29,13.11242389678955,3.506284236907959,3.3145647048950195,6.291574954986572,65.92375366568915,65.70381231671554,22.058823529411764,60.424775765781014,64.01744724939523,52.670998334884644,1.7140638828277588,0.8647077305675338,0.001,64,lr_0.001_hc_64
30,12.759297370910645,3.4401347637176514,3.266794443130493,6.0523681640625,67.03812316715543,66.24633431085044,20.69327731092437,59.341682179725844,64.2087132192439,54.45703601837158,1.713115930557251,0.8603841919146962,0.001,64,lr_0.001_hc_64
31,12.233736038208008,3.308502197265625,3.0127739906311035,5.912459373474121,67.78592375366568,66.87683284457478,22.058823529411764,60.932475884244376,65.19841082749494,56.249016761779785,1.7177894115447998,0.8560822709551227,0.001,64,lr_0.001_hc_64
32,11.981690406799316,3.264206647872925,2.957782030105591,5.759701728820801,68.97360703812316,67.12609970674487,19.817927170868348,60.052462345574554,65.38405636348085,58.03883910179138,1.7162575721740723,0.851801859600347,0.001,64,lr_0.001_hc_64
33,11.737800598144531,3.0909392833709717,2.9211184978485107,5.725742340087891,68.53372434017595,67.19941348973607,20.658263305322127,60.5601624640379,65.4311000979833,59.860968589782715,1.7479791641235352,0.8475428503023453,0.001,64,lr_0.001_hc_64
34,10.798023223876953,2.946837902069092,2.7363014221191406,5.1148834228515625,70.39589442815249,67.4633431085044,21.743697478991596,61.82941276019631,66.56288343228441,61.60584616661072,1.6700007915496826,0.8433051360508336,0.001,64,lr_0.001_hc_64
35,10.712360382080078,2.8791956901550293,2.708310842514038,5.124854564666748,69.51612903225806,68.19648093841643,21.813725490196077,62.57403960060923,66.76221652376123,63.4027373790741,1.7218263149261475,0.8390886103705794,0.001,64,lr_0.001_hc_64
36,10.167604446411133,2.8112735748291016,2.561403274536133,4.794928073883057,71.27565982404693,67.3900293255132,20.833333333333336,61.880182772042645,66.84862397386759,65.19683790206909,1.7191288471221924,0.8348931673187264,0.001,64,lr_0.001_hc_64
37,9.96774959564209,2.748319387435913,2.4376726150512695,4.781757354736328,71.43695014662757,67.11143695014663,21.218487394957982,62.387882890506006,66.97875666242673,66.9808554649353,1.7109506130218506,0.8307187014821328,0.001,64,lr_0.001_hc_64
38,9.496088981628418,2.6721975803375244,2.3348073959350586,4.489084243774414,72.19941348973607,68.28445747800586,22.514005602240896,63.03096970722626,67.8382802249894,68.7496690750122,1.6948974132537842,0.8265651079747222,0.001,64,lr_0.001_hc_64
39,9.295112609863281,2.740030288696289,2.247292995452881,4.307788848876953,72.77126099706744,67.81524926686217,21.77871148459384,62.89558300896937,67.82736442429966,70.53479146957397,1.715202808380127,0.8224322824348486,0.001,64,lr_0.001_hc_64
40,8.956740379333496,2.677057981491089,2.2702853679656982,4.009397029876709,73.81231671554252,68.50439882697947,22.023809523809522,62.98019969537994,68.43230507930066,72.40482211112976,1.8002572059631348,0.8183201210226743,0.001,64,lr_0.001_hc_64
41,8.570249557495117,2.6390910148620605,2.17182993888855,3.7593283653259277,73.57771260997067,69.3841642228739,23.004201680672267,63.5048231511254,68.82223332798999,74.3417956829071,1.8641579151153564,0.8142285204175609,0.001,64,lr_0.001_hc_64
42,8.189292907714844,2.5617082118988037,1.9836870431900024,3.6438980102539062,74.79472140762464,69.03225806451613,22.794117647058822,63.843289896767644,69.22342312296946,76.13659071922302,1.7238118648529053,0.810157377815473,0.001,64,lr_0.001_hc_64
43,7.957874298095703,2.549187660217285,1.9908767938613892,3.4178097248077393,75.64516129032258,69.32551319648094,22.128851540616246,63.53866982568963,69.50311477083105,78.2918164730072,2.0829083919525146,0.8061065909263957,0.001,64,lr_0.001_hc_64
44,7.398922920227051,2.431823253631592,1.7652807235717773,3.2018187046051025,76.11436950146627,69.5307917888563,21.95378151260504,63.9279065831782,69.85768929116692,80.14397597312927,1.7822520732879639,0.8020760579717637,0.001,64,lr_0.001_hc_64
45,7.635478973388672,2.5395803451538086,1.7380540370941162,3.357844591140747,76.14369501466275,69.4574780058651,23.144257703081234,63.6402098493823,69.7471276233034,82.11897492408752,1.903219223022461,0.798065677681905,0.001,64,lr_0.001_hc_64
46,7.384615898132324,2.4188077449798584,1.858885645866394,3.1069226264953613,76.51026392961877,69.41348973607037,23.074229691876752,64.65561008630903,70.19312125066607,83.91477274894714,1.723090410232544,0.7940753492934954,0.001,64,lr_0.001_hc_64
47,7.289957046508789,2.3414554595947266,1.7302091121673584,3.218291997909546,76.61290322580645,70.19061583577712,22.794117647058822,64.94330682010492,70.58227529389617,85.85236120223999,1.861584186553955,0.7901049725470279,0.001,64,lr_0.001_hc_64
48,6.928156852722168,2.3974874019622803,1.6622967720031738,2.868373155593872,77.2434017595308,69.80938416422288,22.759103641456583,64.8925368082586,70.64844091067076,87.6484763622284,1.7238175868988037,0.7861544476842928,0.001,64,lr_0.001_hc_64
49,6.712336540222168,2.2328906059265137,1.5756440162658691,2.9038021564483643,77.59530791788856,69.85337243401759,23.809523809523807,65.0448468437976,70.83117573190125,89.47569465637207,1.7530159950256348,0.7822236754458713,0.001,64,lr_0.001_hc_64
50,6.475221157073975,2.1971302032470703,1.4483693838119507,2.829721450805664,77.84457478005865,69.88269794721408,22.30392156862745,64.90946014554069,70.87891095760448,91.26233577728271,1.7154285907745361,0.778312557068642,0.001,64,lr_0.001_hc_64
51,6.156899929046631,2.1309711933135986,1.4061546325683594,2.619774103164673,78.38709677419354,70.38123167155426,23.599439775910362,65.84024369605686,71.53619071393487,93.05586886405945,1.7193446159362793,0.7744209942832988,0.001,64,lr_0.001_hc_64
52,6.032679557800293,2.0813722610473633,1.3449923992156982,2.6063151359558105,78.48973607038123,71.20234604105572,23.179271708683473,66.0433237434422,71.9118019516264,94.85177683830261,1.7218923568725586,0.7705488893118823,0.001,64,lr_0.001_hc_64
53,6.047939777374268,2.0925793647766113,1.3782634735107422,2.577096939086914,78.66568914956011,70.70381231671554,23.704481792717086,66.1448637671349,71.83812174447019,96.64360570907593,1.7189455032348633,0.7666961448653229,0.001,64,lr_0.001_hc_64
54,5.918853759765625,2.0880541801452637,1.3808540105819702,2.4499454498291016,78.88563049853371,70.87976539589442,22.794117647058822,65.63716364867152,71.80085318103323,98.42391467094421,1.7014176845550537,0.7628626641409962,0.001,64,lr_0.001_hc_64
55,5.682792663574219,2.020705461502075,1.1924933195114136,2.4695942401885986,79.50146627565982,70.64516129032258,23.49439775910364,66.53410052462345,72.2269093635353,100.16348648071289,1.6647851467132568,0.7590483508202912,0.001,64,lr_0.001_hc_64
56,5.653680801391602,2.030592679977417,1.19290030002594,2.430187702178955,79.61876832844574,70.83577712609971,23.144257703081234,66.31409713995599,72.25621419816713,101.95669198036194,1.7200429439544678,0.7552531090661897,0.001,64,lr_0.001_hc_64
57,5.4237775802612305,1.9097537994384766,1.1690499782562256,2.3449740409851074,80.51319648093842,71.18768328445748,23.87955182072829,67.05872398036892,72.91986791525494,103.7538628578186,1.7221665382385254,0.7514768435208588,0.001,64,lr_0.001_hc_64
58,5.271921157836914,1.9125101566314697,1.132278561592102,2.227132558822632,80.93841642228739,71.67155425219941,24.719887955182074,67.05872398036892,73.22289821828524,105.5538535118103,1.728114366531372,0.7477194593032545,0.001,64,lr_0.001_hc_64
59,5.303603172302246,1.8407444953918457,1.099755883216858,2.363102912902832,80.77712609970675,71.48093841642229,23.87955182072829,66.85564393298358,73.03790281637087,107.35246133804321,1.725890874862671,0.7439808620067382,0.001,64,lr_0.001_hc_64
60,5.288494110107422,1.8336870670318604,1.0513392686843872,2.4034676551818848,81.17302052785924,71.97947214076247,25.0,67.1433406667795,73.43194444513374,109.12988996505737,1.7062954902648926,0.7402609576967045,0.001,64,lr_0.001_hc_64
61,5.074526309967041,1.7497785091400146,0.9825460314750671,2.3422017097473145,80.73313782991202,71.83284457478007,23.634453781512605,67.92181418175664,73.49593219548292,110.92379760742188,1.7201180458068848,0.736559652908221,0.001,64,lr_0.001_hc_64
62,5.002123832702637,1.789054036140442,0.9164080619812012,2.2966620922088623,81.64222873900293,71.158357771261,23.074229691876752,66.61871721103402,73.13976790709931,112.71469402313232,1.7170519828796387,0.7328768546436799,0.001,64,lr_0.001_hc_64
63,4.819869041442871,1.7799556255340576,0.9487836360931396,2.091130018234253,81.158357771261,71.87683284457478,22.899159663865547,66.99103063124048,73.3420737490254,114.47889924049377,1.691033124923706,0.7292124703704616,0.001,64,lr_0.001_hc_64
64,4.749174118041992,1.7839020490646362,0.9277604818344116,2.0375118255615234,81.75953079178886,72.6099706744868,24.68487394957983,67.76950414621763,74.04633520416442,116.273770570755,1.719346284866333,0.7255664080186093,0.001,64,lr_0.001_hc_64
65,4.773882865905762,1.7553789615631104,0.875829815864563,2.142673969268799,82.25806451612904,71.65689149560117,23.144257703081234,67.58334743611441,73.8327678159482,118.06853747367859,1.7208952903747559,0.7219385759785162,0.001,64,lr_0.001_hc_64
66,4.633403778076172,1.7496721744537354,0.9504233002662659,1.9333082437515259,81.96480938416423,72.5659824046921,23.984593837535016,67.02487730580471,73.85188969822035,119.79849338531494,1.6568965911865234,0.7183288830986236,0.001,64,lr_0.001_hc_64
67,4.639374256134033,1.7570281028747559,0.8553507924079895,2.0269954204559326,82.14076246334311,72.62463343108504,22.584033613445378,66.95718395667626,73.9075266170348,121.59576177597046,1.722069501876831,0.7147372386831305,0.001,64,lr_0.001_hc_64
68,4.628974914550781,1.8216913938522339,0.8466415405273438,1.9606417417526245,81.7741935483871,72.63929618768329,22.30392156862745,66.7371805720088,73.71689010269306,123.38010764122009,1.7106492519378662,0.7111635524897149,0.001,64,lr_0.001_hc_64
69,4.519880771636963,1.7732248306274414,0.8411991596221924,1.9054569005966187,82.683284457478,72.63929618768329,24.404761904761905,67.51565408698596,74.27941157738242,125.17351579666138,1.7168490886688232,0.7076077347272662,0.001,64,lr_0.001_hc_64
70,4.5874528884887695,1.7791482210159302,0.798048198223114,2.010256767272949,82.56598240469208,72.88856304985337,24.264705882352942,67.58334743611441,74.34596429688662,127.04466533660889,1.796827793121338,0.7040696960536299,0.001,64,lr_0.001_hc_64
71,4.487936019897461,1.7970829010009766,0.7542145848274231,1.936638593673706,82.87390029325513,72.84457478005865,25.0,67.66796412252496,74.4621463986129,128.8416028022766,1.7229206562042236,0.7005493475733617,0.001,64,lr_0.001_hc_64
72,4.432220458984375,1.7612497806549072,0.7247675657272339,1.9462034702301025,83.04985337243401,72.69794721407624,24.369747899159663,67.97258419360298,74.57346159337108,130.6304793357849,1.715014934539795,0.697046600835495,0.001,64,lr_0.001_hc_64
73,4.332485198974609,1.6569043397903442,0.7639186382293701,1.9116621017456055,83.65102639296188,72.84457478005865,25.455182072829132,68.61567101032324,75.03709072778125,132.42652320861816,1.7218551635742188,0.6935613678313175,0.001,64,lr_0.001_hc_64
74,4.379142761230469,1.6975994110107422,0.7341626286506653,1.9473806619644165,83.2991202346041,73.18181818181819,23.704481792717086,67.7187341343713,74.73322418359786,134.20769214630127,1.7069642543792725,0.6900935609921609,0.001,64,lr_0.001_hc_64
75,4.219236850738525,1.6466013193130493,0.6938505172729492,1.8787851333618164,83.54838709677419,73.66568914956012,25.140056022408963,67.97258419360298,75.06222014664576,136.0087730884552,1.7284009456634521,0.6866430931872001,0.001,64,lr_0.001_hc_64
76,4.240107536315918,1.6153682470321655,0.7819480299949646,1.8427914381027222,83.10850439882698,73.18181818181819,24.719887955182074,68.73413437129803,75.0081523173144,137.92969226837158,1.8462388515472412,0.6832098777212641,0.001,64,lr_0.001_hc_64
77,4.2689290046691895,1.7081468105316162,0.6637898683547974,1.8969923257827759,83.50439882697948,73.63636363636363,24.754901960784316,68.1418175664241,75.09419334325574,139.9987449645996,1.9959683418273926,0.6797938283326578,0.001,64,lr_0.001_hc_64
78,4.129265785217285,1.64189875125885,0.6745812892913818,1.8127858638763428,83.87096774193549,73.21114369501466,24.719887955182074,68.277204264681,75.11977190054372,141.80109214782715,1.728722333908081,0.6763948591909945,0.001,64,lr_0.001_hc_64
79,4.1542134284973145,1.6913092136383057,0.6610138416290283,1.80189049243927,83.87096774193549,73.25513196480938,24.019607843137255,68.12489422914199,75.08366464529563,143.5972969532013,1.7239875793457031,0.6730128848950395,0.001,64,lr_0.001_hc_64
80,3.9507107734680176,1.6178193092346191,0.6815067529678345,1.6513848304748535,84.03225806451613,74.07624633431085,25.910364145658267,69.02183110509392,75.7101118346403,145.4614222049713,1.791867733001709,0.6696478204705644,0.001,64,lr_0.001_hc_64
81,4.033756256103516,1.6997734308242798,0.6638338565826416,1.6701490879058838,83.87096774193549,74.91202346041057,25.10504201680672,68.20951091555254,75.66416737263286,147.37632393836975,1.8409523963928223,0.6662995813682115,0.001,64,lr_0.001_hc_64
82,4.042102813720703,1.6402788162231445,0.6851640343666077,1.7166597843170166,84.29618768328446,73.841642228739,24.12464985994398,68.61567101032324,75.5845003074489,149.17370343208313,1.7209374904632568,0.6629680834613705,0.001,64,lr_0.001_hc_64
83,4.006901741027832,1.6510988473892212,0.5869929194450378,1.7688099145889282,84.12023460410558,74.57478005865103,26.330532212885156,68.93721441868337,75.87740969381332,150.96529340744019,1.7178244590759277,0.6596532430440636,0.001,64,lr_0.001_hc_64
84,3.9235265254974365,1.635036826133728,0.624433159828186,1.6640565395355225,84.36950146627566,74.3108504398827,25.210084033613445,68.81875105770858,75.83303432128898,152.75875616073608,1.7202115058898926,0.6563549768288433,0.001,64,lr_0.001_hc_64
85,4.011864185333252,1.6651684045791626,0.5927697420120239,1.7539260387420654,85.05865102639297,74.44281524926686,24.439775910364144,68.86952106955492,76.12366244840491,154.54959106445312,1.7200727462768555,0.653073201944699,0.001,64,lr_0.001_hc_64
86,4.012399673461914,1.648488163948059,0.580105721950531,1.7838060855865479,84.39882697947215,74.17888563049854,25.560224089635852,69.14029446606871,75.9060023586798,156.33457446098328,1.7128567695617676,0.6498078359349755,0.001,64,lr_0.001_hc_64
87,3.8947482109069824,1.673789143562317,0.5789259076118469,1.6420331001281738,84.76539589442815,75.01466275659824,24.859943977591037,68.64951768488746,76.14319211197127,158.1264452934265,1.7181665897369385,0.6465587967553006,0.001,64,lr_0.001_hc_64
88,3.825624942779541,1.6611216068267822,0.56707763671875,1.5974258184432983,84.9266862170088,74.82404692082112,24.579831932773107,68.68336435945169,76.14469916576053,159.910311460495,1.7117197513580322,0.6433260027715241,0.001,64,lr_0.001_hc_64
89,3.817837715148926,1.5936486721038818,0.5838824510574341,1.6403065919876099,84.73607038123167,74.89736070381232,25.595238095238095,69.69876459637841,76.4440652271408,161.69957375526428,1.7162652015686035,0.6401093727576664,0.001,64,lr_0.001_hc_64
90,3.962398052215576,1.67417573928833,0.555854856967926,1.7323675155639648,84.25219941348973,74.13489736070382,25.52521008403361,68.39566762565579,75.59425479994978,163.49435710906982,1.7200062274932861,0.6369088258938781,0.001,64,lr_0.001_hc_64
91,3.8563523292541504,1.6972492933273315,0.5415763854980469,1.617526650428772,84.61876832844575,74.67741935483872,24.089635854341736,68.20951091555254,75.83523286627901,165.29140710830688,1.7239396572113037,0.6337242817644086,0.001,64,lr_0.001_hc_64
92,3.8373794555664062,1.645414113998413,0.5595542192459106,1.632411003112793,84.80938416422288,75.48387096774194,23.564425770308123,68.59874767304113,76.2973342683353,167.08465242385864,1.7200045585632324,0.6305556603555866,0.001,64,lr_0.001_hc_64
93,3.968365430831909,1.7402456998825073,0.5799046158790588,1.6482150554656982,84.85337243401759,75.42521994134897,24.12464985994398,68.37874428837367,76.21911222124675,168.87862515449524,1.7210102081298828,0.6274028820538087,0.001,64,lr_0.001_hc_64
94,3.8022639751434326,1.6488564014434814,0.5221526622772217,1.6312549114227295,85.24926686217009,75.70381231671554,26.330532212885156,69.39414452530039,76.78240790139533,170.67361044883728,1.7203476428985596,0.6242658676435396,0.001,64,lr_0.001_hc_64
95,3.9560153484344482,1.6632720232009888,0.5749344229698181,1.7178089618682861,85.1759530791789,76.17302052785924,24.264705882352942,68.58182433575901,76.64359931426571,172.46251440048218,1.7141306400299072,0.6211445383053219,0.001,64,lr_0.001_hc_64
96,3.83147931098938,1.6720210313796997,0.5589559078216553,1.6005022525787354,84.70674486803519,75.9090909090909,23.984593837535016,68.37874428837367,76.33152668849993,174.25124049186707,1.7159950733184814,0.6180388156137953,0.001,64,lr_0.001_hc_64
97,3.8371429443359375,1.7230714559555054,0.5064730048179626,1.6075986623764038,85.33724340175954,75.6891495601173,25.42016806722689,68.68336435945169,76.56991910710951,176.04452896118164,1.7188103199005127,0.6149486215357263,0.001,64,lr_0.001_hc_64
98,3.8541219234466553,1.787327766418457,0.5173028111457825,1.5494914054870605,85.41055718475073,75.74780058651027,24.159663865546218,67.4479607378575,76.20210616970617,177.84257340431213,1.7243614196777344,0.6118738784280476,0.001,64,lr_0.001_hc_64
99,3.8519163131713867,1.758808970451355,0.5504058599472046,1.5427014827728271,84.80938416422288,76.07038123167156,25.175070028011206,68.68336435945169,76.52104325178203,179.77150082588196,1.8538386821746826,0.6088145090359074,0.001,64,lr_0.001_hc_64
100,3.9626097679138184,1.8306628465652466,0.5891032814979553,1.5428434610366821,84.61876832844575,75.9090909090909,23.669467787114844,68.31105093924522,76.27963672559396,181.56158065795898,1.708113193511963,0.6057704364907278,0.001,64,lr_0.001_hc_64
101,3.950125217437744,1.750272512435913,0.5241119265556335,1.6757408380508423,85.19061583577712,76.20234604105572,24.68487394957983,68.61567101032324,76.66954429571868,183.30328798294067,1.667659044265747,0.6027415843082742,0.001,64,lr_0.001_hc_64
102,3.7980539798736572,1.7668132781982422,0.48611980676651,1.5451209545135498,85.20527859237536,77.0674486803519,24.649859943977592,68.36182095109156,76.87818274127295,185.1015384197235,1.7259001731872559,0.5997278763867329,0.001,64,lr_0.001_hc_64
103,3.8785762786865234,1.812985897064209,0.5436664819717407,1.5219238996505737,85.3225806451613,77.08211143695016,24.89495798319328,69.07260111694026,77.15909773301725,186.90022325515747,1.726802110671997,0.5967292370047992,0.001,64,lr_0.001_hc_64
104,3.9279539585113525,1.7733896970748901,0.5845219492912292,1.570042371749878,84.7800586510264,77.11143695014663,24.474789915966387,68.8356743949907,76.90905666538791,188.6362817287445,1.6618046760559082,0.5937455908197752,0.001,64,lr_0.001_hc_64
105,3.827341318130493,1.7442065477371216,0.5526993274688721,1.53043532371521,85.82111436950146,77.0674486803519,24.264705882352942,69.19106447791505,77.35987584258947,190.4426679611206,1.7313740253448486,0.5907768628656763,0.001,64,lr_0.001_hc_64
106,3.9793853759765625,1.8591192960739136,0.5538589358329773,1.5664072036743164,85.60117302052785,76.8475073313783,24.719887955182074,68.4125909629379,76.95375710494801,192.24167585372925,1.7244956493377686,0.5878229785513479,0.001,64,lr_0.001_hc_64
107,3.7177090644836426,1.6821480989456177,0.543052613735199,1.4925082921981812,84.94134897360703,77.05278592375366,24.649859943977592,68.8525977322728,76.9489108765445,194.0363461971283,1.7188935279846191,0.5848838636585911,0.001,64,lr_0.001_hc_64
108,3.8259665966033936,1.8409602642059326,0.5289126038551331,1.4560937881469727,85.51319648093842,77.77126099706744,24.92997198879552,68.81875105770858,77.36773617857148,195.77061581611633,1.6581525802612305,0.5819594443402982,0.001,64,lr_0.001_hc_64
109,3.9529523849487305,1.8484638929367065,0.530118465423584,1.5743697881698608,85.02932551319648,76.26099706744867,25.805322128851543,69.47876121171095,76.92302793078537,197.57214093208313,1.7269654273986816,0.5790496471185967,0.001,64,lr_0.001_hc_64
110,3.876447916030884,1.889321208000183,0.4974021911621094,1.4897243976593018,85.19061583577712,77.55131964809384,24.19467787114846,67.97258419360298,76.90483989249131,199.36623764038086,1.7213459014892578,0.5761543988830038,0.001,64,lr_0.001_hc_64
111,3.851546049118042,1.8501850366592407,0.5071914196014404,1.4941694736480713,84.95601173020529,77.40469208211144,25.31512605042017,68.86952106955492,77.07674162729053,201.15167880058289,1.7114918231964111,0.5732736268885887,0.001,64,lr_0.001_hc_64
112,3.898676872253418,1.902423620223999,0.5303158164024353,1.4659372568130493,85.1466275659824,77.9325513196481,25.140056022408963,68.20951091555254,77.09622993372768,202.942396402359,1.7182354927062988,0.5704072587541458,0.001,64,lr_0.001_hc_64
113,3.810096025466919,1.8433701992034912,0.5005130171775818,1.4662127494812012,85.27859237536657,78.31378299120234,24.579831932773107,68.19258757827043,77.26165431494644,205.03759288787842,2.021470308303833,0.567555222460375,0.001,64,lr_0.001_hc_64
114,3.7179577350616455,1.7976597547531128,0.5339134335517883,1.3863844871520996,85.30791788856304,78.48973607038123,24.614845938375353,68.90336774411914,77.56700723435446,206.91417384147644,1.8008062839508057,0.5647174463480732,0.001,64,lr_0.001_hc_64
115,3.8467507362365723,1.8962452411651611,0.49632787704467773,1.454177737236023,85.33724340175954,77.47800586510265,22.759103641456583,67.78642748349975,76.86722558345397,208.71129751205444,1.724177360534668,0.5618938591163328,0.001,64,lr_0.001_hc_64
116,3.8290326595306396,1.8837180137634277,0.5129600763320923,1.4323546886444092,85.67448680351906,77.74193548387098,23.704481792717086,68.53105432391267,77.3158255371009,210.55364203453064,1.7695372104644775,0.5590843898207511,0.001,64,lr_0.001_hc_64
117,3.7910327911376953,1.8394392728805542,0.5111581683158875,1.4404352903366089,85.08797653958943,77.85923753665689,24.089635854341736,68.8525977322728,77.26660393617304,212.32653665542603,1.6981394290924072,0.5562889678716474,0.001,64,lr_0.001_hc_64
118,3.780801296234131,1.8644046783447266,0.5086343884468079,1.4077622890472412,85.41055718475073,78.00586510263929,24.474789915966387,68.5649009984769,77.32710776195563,214.12845849990845,1.7290904521942139,0.5535075230322891,0.001,64,lr_0.001_hc_64
119,3.7409462928771973,1.8330848217010498,0.48988601565361023,1.4179754257202148,85.98240469208211,78.04985337243401,25.175070028011206,68.76798104586224,77.60007970345946,215.92212772369385,1.718888759613037,0.5507399854171277,0.001,64,lr_0.001_hc_64
120,3.740096092224121,1.8873380422592163,0.497046560049057,1.3557114601135254,86.04105571847506,78.87096774193549,25.945378151260506,68.81875105770858,77.91025817270638,217.79939889907837,1.8028895854949951,0.547986285490042,0.001,64,lr_0.001_hc_64
121,3.940507411956787,1.9651890993118286,0.5195250511169434,1.4557932615280151,85.51319648093842,78.18181818181819,24.054621848739497,68.02335420544932,77.23945628940197,219.5752727985382,1.7020127773284912,0.5452463540625918,0.001,64,lr_0.001_hc_64
122,3.7825279235839844,1.960020661354065,0.482085645198822,1.3404216766357422,86.20234604105572,79.00293255131965,24.019607843137255,68.15874090370622,77.78800649869386,221.35042142868042,1.702345609664917,0.5425201222922789,0.001,64,lr_0.001_hc_64
123,3.934816837310791,1.9171720743179321,0.5351162552833557,1.4825284481048584,85.61583577712611,79.00293255131965,24.754901960784316,68.86952106955492,77.82942979933355,223.13326406478882,1.7101306915283203,0.5398075216808175,0.001,64,lr_0.001_hc_64
124,3.7727043628692627,1.9327068328857422,0.47408023476600647,1.3659172058105469,85.52785923753665,78.68035190615835,25.700280112044815,68.76798104586224,77.65873072985242,224.92342686653137,1.7172386646270752,0.5371084840724134,0.001,64,lr_0.001_hc_64
125,3.8137974739074707,1.9301618337631226,0.45984068512916565,1.4237949848175049,85.93841642228739,79.73607038123167,23.949579831932773,68.48028431206635,78.0515903718618,226.71749711036682,1.7218244075775146,0.5344229416520513,0.001,64,lr_0.001_hc_64
126,3.773212432861328,1.9188884496688843,0.4918920695781708,1.3624318838119507,85.9090909090909,79.00293255131965,24.439775910364144,68.64951768488746,77.85384704843268,228.46029901504517,1.6691176891326904,0.531750826943791,0.001,64,lr_0.001_hc_64
127,3.9836068153381348,2.0136632919311523,0.5324510931968689,1.4374923706054688,85.80645161290322,79.34017595307918,24.754901960784316,68.02335420544932,77.72332725714391,230.23138999938965,1.6963000297546387,0.5290920728090721,0.001,64,lr_0.001_hc_64
128,3.791088342666626,1.9436678886413574,0.48723000288009644,1.3601903915405273,85.93841642228739,80.01466275659824,24.334733893557424,68.53105432391267,78.1613778342661,232.02430200576782,1.7200136184692383,0.5264466124450268,0.001,64,lr_0.001_hc_64
129,3.8060312271118164,1.948004961013794,0.5344869494438171,1.3235392570495605,85.64516129032258,79.88269794721407,24.439775910364144,68.26028092739888,77.92938005497851,233.82017517089844,1.722952127456665,0.5238143793828016,0.001,64,lr_0.001_hc_64
130,3.860853910446167,2.023890256881714,0.5090038180351257,1.3279597759246826,85.83577712609971,80.10263929618769,24.719887955182074,68.34489761380944,78.09443801203227,235.61506485939026,1.7199046611785889,0.5211953074858876,0.001,64,lr_0.001_hc_64
131,3.8363795280456543,1.9646892547607422,0.5237273573875427,1.347962737083435,85.48387096774194,80.0733137829912,23.844537815126053,68.68336435945169,78.08018303672827,237.41126084327698,1.7220494747161865,0.5185893309484582,0.001,64,lr_0.001_hc_64
132,3.756989002227783,1.9085763692855835,0.4798113703727722,1.3686014413833618,85.43988269794721,79.91202346041055,24.68487394957983,69.10644779150448,78.15278464995407,239.20807480812073,1.7258460521697998,0.5159963842937159,0.001,64,lr_0.001_hc_64
133,3.866750478744507,1.939189076423645,0.5186400413513184,1.408921480178833,85.42521994134897,79.56011730205279,25.770308123249297,69.41106786258251,78.13213503532809,241.00622463226318,1.7235474586486816,0.5134164023722473,0.001,64,lr_0.001_hc_64
134,3.8144209384918213,1.957776427268982,0.5462384819984436,1.310405969619751,86.08504398826979,79.89736070381231,24.159663865546218,68.46336097478422,78.14858855562211,242.75128555297852,1.671367883682251,0.510849320360386,0.001,64,lr_0.001_hc_64
135,3.9006059169769287,2.0835001468658447,0.48783791065216064,1.3292677402496338,85.95307917888563,80.01466275659824,24.649859943977592,68.15874090370622,78.04216094639669,244.54435014724731,1.7199640274047852,0.5082950737585841,0.001,64,lr_0.001_hc_64
136,3.943490505218506,2.105985403060913,0.5311312079429626,1.3063737154006958,85.43988269794721,79.92668621700881,24.824929971988794,68.12489422914199,77.83048771469933,246.33707642555237,1.718980073928833,0.5057535983897912,0.001,64,lr_0.001_hc_64
137,3.8596935272216797,2.0832269191741943,0.45155537128448486,1.3249109983444214,86.04105571847506,79.88269794721407,25.49019607843137,68.15874090370622,78.02749818979846,248.12919402122498,1.719024896621704,0.5032248303978422,0.001,64,lr_0.001_hc_64
138,3.8489198684692383,2.0137901306152344,0.49298766255378723,1.3421419858932495,85.96774193548387,80.51319648093842,23.564425770308123,68.36182095109156,78.28091978917128,249.90799856185913,1.7056145668029785,0.500708706245853,0.001,64,lr_0.001_hc_64
139,3.9413795471191406,2.134892225265503,0.5236738324165344,1.2828136682510376,85.41055718475073,80.77712609970675,23.52941176470588,67.66796412252496,77.95188246899414,251.70803666114807,1.7268645763397217,0.5,0.001,64,lr_0.001_hc_64
140,3.6887640953063965,1.9757853746414185,0.47510749101638794,1.2378710508346558,86.12903225806451,80.85043988269794,25.31512605042017,69.08952445422237,78.68966553166162,253.501953125,1.720585584640503,0.5,0.001,64,lr_0.001_hc_64
141,3.8046159744262695,2.027480363845825,0.486534982919693,1.2906006574630737,85.6891495601173,80.2199413489736,26.610644257703083,69.2587578270435,78.3892829120448,255.29906034469604,1.725776195526123,0.5,0.001,64,lr_0.001_hc_64
142,3.843147039413452,2.1073737144470215,0.5134857892990112,1.2222874164581299,85.73313782991202,80.9090909090909,23.634453781512605,67.68488745980707,78.10903873293667,257.0901288986206,1.7167658805847168,0.5,0.001,64,lr_0.001_hc_64
143,3.8938751220703125,2.039806365966797,0.535548210144043,1.318520426750183,86.04105571847506,80.79178885630498,24.2296918767507,68.24335759011677,78.35873405496562,258.8400225639343,1.6767935752868652,0.5,0.001,64,lr_0.001_hc_64
144,3.8172314167022705,1.9577479362487793,0.5390900373458862,1.3203933238983154,85.61583577712611,80.49853372434018,25.385154061624647,69.46183787442884,78.5254024586317,260.6409866809845,1.7288427352905273,0.5,0.001,64,lr_0.001_hc_64
145,3.8517818450927734,2.0521979331970215,0.4835716485977173,1.3160123825073242,86.46627565982405,80.33724340175952,24.089635854341736,68.09104755457776,78.29818887205379,262.39758706092834,1.681330680847168,0.5,0.001,64,lr_0.001_hc_64
146,3.6986422538757324,2.0297951698303223,0.4732474386692047,1.1955994367599487,85.92375366568915,81.26099706744868,24.404761904761905,68.5649009984769,78.58321724387159,264.19966650009155,1.726381540298462,0.5,0.001,64,lr_0.001_hc_64
147,3.7960009574890137,2.0478744506835938,0.48379674553871155,1.2643297910690308,86.11436950146627,80.71847507331378,25.385154061624647,68.66644102216956,78.49976186564987,265.9781723022461,1.7071044445037842,0.5,0.001,64,lr_0.001_hc_64
148,3.906635284423828,2.067681074142456,0.5424931049346924,1.2964609861373901,85.5425219941349,81.07038123167155,24.474789915966387,68.54797766119478,78.38696029566708,267.777067899704,1.7249183654785156,0.5,0.001,64,lr_0.001_hc_64
149,3.7117605209350586,2.040409803390503,0.4906313121318817,1.1807193756103516,86.27565982404693,81.31964809384165,25.140056022408963,68.73413437129803,78.77648076306221,269.57405614852905,1.7229335308074951,0.5,0.001,64,lr_0.001_hc_64
150,3.875852108001709,2.1027562618255615,0.4714561402797699,1.3016399145126343,85.93841642228739,81.53958944281526,23.144257703081234,67.53257742426806,78.3368610964569,271.36216497421265,1.7170922756195068,0.5,0.001,64,lr_0.001_hc_64
151,3.751051902770996,2.026492118835449,0.44650939106941223,1.2780503034591675,86.56891495601174,81.12903225806451,25.455182072829132,68.71721103401592,78.80505274936405,273.1533169746399,1.716214656829834,0.5,0.001,64,lr_0.001_hc_64
152,3.895941734313965,2.1335887908935547,0.5071117281913757,1.2552411556243896,85.98240469208211,81.49560117302053,24.649859943977592,67.78642748349975,78.42147778286747,275.18429923057556,1.9599497318267822,0.5,0.001,64,lr_0.001_hc_64
153,3.659916639328003,2.0583841800689697,0.4297027289867401,1.1718297004699707,86.33431085043989,81.46627565982405,24.264705882352942,67.83719749534608,78.54592800187001,277.05420780181885,1.7970266342163086,0.5,0.001,64,lr_0.001_hc_64
154,3.6671547889709473,2.0192501544952393,0.4823867976665497,1.165517807006836,86.21700879765396,81.89149560117302,25.595238095238095,68.9879844305297,79.0321629431189,278.85180497169495,1.7225992679595947,0.5,0.001,64,lr_0.001_hc_64
155,3.786716938018799,2.119874954223633,0.5084062218666077,1.1584357023239136,85.16129032258064,81.49560117302053,25.10504201680672,68.58182433575901,78.41290527712005,280.6428747177124,1.7187891006469727,0.5,0.001,64,lr_0.001_hc_64
156,3.7487549781799316,2.073212146759033,0.5050322413444519,1.1705106496810913,85.55718475073314,82.08211143695014,24.12464985994398,68.02335420544932,78.55421679771086,282.430948972702,1.7175166606903076,0.5,0.001,64,lr_0.001_hc_64
157,3.7615127563476562,2.083803415298462,0.5051402449607849,1.1725690364837646,85.9090909090909,81.87683284457478,23.739495798319325,68.20951091555254,78.66514488973941,284.22804260253906,1.7230298519134521,0.5,0.001,64,lr_0.001_hc_64
158,3.6726813316345215,2.067586660385132,0.4723342955112457,1.1327601671218872,85.95307917888563,81.97947214076247,25.245098039215684,68.26028092739888,78.73094408234898,286.025203704834,1.7252671718597412,0.5,0.001,64,lr_0.001_hc_64
159,3.7700905799865723,2.1492881774902344,0.5067391395568848,1.1140632629394531,86.07038123167156,82.18475073313783,25.210084033613445,68.04027754273143,78.76513650251361,287.8193106651306,1.7213969230651855,0.5,0.001,64,lr_0.001_hc_64
160,3.646867036819458,2.067012071609497,0.5069626569747925,1.072892427444458,85.9090909090909,82.6099706744868,24.89495798319328,68.95413775596549,79.15773311318107,289.67806935310364,1.7871148586273193,0.5,0.001,64,lr_0.001_hc_64
161,3.7652242183685303,2.155130624771118,0.5071240067481995,1.1029696464538574,85.5425219941349,81.71554252199414,24.474789915966387,68.09104755457776,78.44970402356893,291.4712347984314,1.7197253704071045,0.5,0.001,64,lr_0.001_hc_64
162,3.77624773979187,2.097824811935425,0.5095349550247192,1.1688878536224365,86.26099706744868,82.02346041055718,25.210084033613445,68.59874767304113,78.96106838368233,293.21736216545105,1.6720860004425049,0.5,0.001,64,lr_0.001_hc_64
163,3.555854320526123,1.9673162698745728,0.4892703890800476,1.0992677211761475,86.02639296187682,82.62463343108504,26.15546218487395,68.8525977322728,79.16787470841156,295.0139112472534,1.7249276638031006,0.5,0.001,64,lr_0.001_hc_64
164,3.6636810302734375,2.066190004348755,0.46924978494644165,1.1282414197921753,85.86510263929618,82.36070381231671,24.054621848739497,68.22643425283465,78.81741356814919,296.79991364479065,1.7148652076721191,0.5,0.001,64,lr_0.001_hc_64
165,3.756802558898926,2.1132357120513916,0.45542171597480774,1.1881451606750488,86.158357771261,82.80058651026393,22.934173669467786,67.51565408698596,78.82486612283695,298.58103346824646,1.7057507038116455,0.5,0.001,64,lr_0.001_hc_64
166,3.640604019165039,2.053694248199463,0.462534099817276,1.1243757009506226,86.34897360703813,82.36070381231671,23.49439775910364,67.60027077339652,78.76998273091712,300.3792827129364,1.7254552841186523,0.5,0.001,64,lr_0.001_hc_64
167,3.579798698425293,2.0534257888793945,0.4595997631549835,1.0667730569839478,86.81818181818181,82.71260997067449,23.669467787114844,68.24335759011677,79.25804979299103,302.17782950401306,1.7251968383789062,0.5,0.001,64,lr_0.001_hc_64
168,3.577042579650879,2.0583324432373047,0.4565580189228058,1.0621522665023804,86.3782991202346,82.43401759530792,24.404761904761905,68.75105770858013,79.18779147470755,303.9679572582245,1.7161023616790771,0.5,0.001,64,lr_0.001_hc_64
169,3.6991705894470215,1.9843535423278809,0.504311203956604,1.2105060815811157,85.86510263929618,82.33137829912025,25.805322128851543,68.93721441868337,79.04456511903327,305.97307801246643,1.9319851398468018,0.5,0.001,64,lr_0.001_hc_64
170,3.512482166290283,2.052203416824341,0.42787912487983704,1.0323995351791382,86.31964809384164,83.21114369501467,26.15546218487395,68.80182772042647,79.44420650309425,307.9631824493408,1.9173710346221924,0.5,0.001,64,lr_0.001_hc_64
171,3.5212411880493164,1.970932960510254,0.4533233940601349,1.0969847440719604,86.17302052785924,82.69794721407625,26.15546218487395,68.76798104586224,79.2129829292659,309.7601583003998,1.7221729755401611,0.5,0.001,64,lr_0.001_hc_64
172,3.641207456588745,1.9860949516296387,0.4761720597743988,1.1789405345916748,85.95307917888563,82.88856304985337,25.0,68.88644440683703,79.242695545192,311.5389983654022,1.7062408924102783,0.5,0.001,64,lr_0.001_hc_64
173,3.439250946044922,2.025341749191284,0.42182791233062744,0.9920811653137207,86.33431085043989,83.0791788856305,23.214285714285715,67.98950753088508,79.1343324223185,313.3859136104584,1.77103853225708,0.5,0.001,64,lr_0.001_hc_64
174,3.451477289199829,1.995017409324646,0.4696657359600067,0.9867941737174988,85.70381231671554,83.13782991202346,24.439775910364144,68.66644102216956,79.16936108363619,315.1828861236572,1.7238221168518066,0.5,0.001,64,lr_0.001_hc_64
175,3.5973267555236816,2.057734489440918,0.47067075967788696,1.068921685218811,86.58357771260997,83.59237536656892,24.334733893557424,68.4125909629379,79.52951468070559,316.979779958725,1.7230048179626465,0.5,0.001,64,lr_0.001_hc_64
176,3.4993391036987305,1.9846879243850708,0.4712384045124054,1.0434128046035767,86.17302052785924,82.80058651026393,25.455182072829132,68.76798104586224,79.24719602799513,318.7719385623932,1.7179229259490967,0.5,0.001,64,lr_0.001_hc_64
177,3.6009528636932373,2.1182851791381836,0.4541442096233368,1.0285234451293945,86.7008797653959,83.26979472140762,24.92997198879552,68.42951430021999,79.46672959567451,320.56274676322937,1.719785213470459,0.5,0.001,64,lr_0.001_hc_64
178,3.4805617332458496,2.0112338066101074,0.45845773816108704,1.010870337486267,86.17302052785924,83.1524926686217,24.649859943977592,68.66644102216956,79.33065140621683,322.35693287849426,1.7219111919403076,0.5,0.001,64,lr_0.001_hc_64
179,3.4253363609313965,2.008183479309082,0.43506085872650146,0.9820919036865234,86.5542521994135,83.4017595307918,24.439775910364144,68.4125909629379,79.4562008977144,324.15422224998474,1.7240140438079834,0.5,0.001,64,lr_0.001_hc_64
180,3.5213675498962402,2.0485076904296875,0.49444127082824707,0.9784185886383057,86.11436950146627,84.1642228739003,25.140056022408963,68.48028431206635,79.58629222914429,325.9240667819977,1.692302942276001,0.5,0.001,64,lr_0.001_hc_64
181,3.554328203201294,2.0887601375579834,0.47986268997192383,0.9857054352760315,85.96774193548387,84.07624633431085,24.789915966386555,68.04027754273143,79.36142193750871,327.6970601081848,1.7000324726104736,0.5,0.001,64,lr_0.001_hc_64
182,3.580883264541626,2.070765256881714,0.5040308237075806,1.006087064743042,85.51319648093842,83.37243401759531,23.669467787114844,68.12489422914199,79.00350824255857,329.50414776802063,1.7343368530273438,0.5,0.001,64,lr_0.001_hc_64
183,3.4717748165130615,2.010470151901245,0.46987152099609375,0.9914330840110779,86.20234604105572,83.54838709677419,23.564425770308123,68.277204264681,79.34264580083698,331.32351064682007,1.7484169006347656,0.5,0.001,64,lr_0.001_hc_64
184,3.5426859855651855,2.009826183319092,0.4727511405944824,1.0601086616516113,86.42228739002933,83.95894428152492,25.245098039215684,68.95413775596549,79.77845647583992,333.1602272987366,1.763927936553955,0.5,0.001,64,lr_0.001_hc_64
185,3.3639140129089355,1.9495651721954346,0.431567519903183,0.9827813506126404,86.7008797653959,83.90029325513197,23.42436974789916,68.48028431206635,79.69381911086474,334.99809670448303,1.7632179260253906,0.5,0.001,64,lr_0.001_hc_64
186,3.4129977226257324,1.9866241216659546,0.476993590593338,0.9493798613548279,86.39296187683284,83.90029325513197,25.52521008403361,68.68336435945169,79.65887316380548,336.77573800086975,1.7066636085510254,0.5,0.001,64,lr_0.001_hc_64
187,3.49088454246521,2.008208751678467,0.4854440689086914,0.9972317814826965,86.02639296187682,83.6217008797654,25.350140056022408,68.48028431206635,79.37612605123618,338.51815009117126,1.6692068576812744,0.5,0.001,64,lr_0.001_hc_64
188,3.4796013832092285,2.011899948120117,0.45981597900390625,1.0078855752944946,86.18768328445748,83.34310850439883,25.245098039215684,68.93721441868337,79.48933540251323,340.30576372146606,1.7178654670715332,0.5,0.001,64,lr_0.001_hc_64
189,3.3458504676818848,1.915944218635559,0.45633959770202637,0.9735665321350098,86.53958944281524,84.07624633431085,24.824929971988794,69.03875444237603,79.88486340650071,342.1068420410156,1.7268118858337402,0.5,0.001,64,lr_0.001_hc_64
190,3.346230983734131,1.866471529006958,0.44292908906936646,1.0368305444717407,86.7008797653959,83.51906158357771,26.08543417366947,69.32645117617194,79.84879750838184,343.9007534980774,1.7196483612060547,0.5,0.001,64,lr_0.001_hc_64
191,3.435877561569214,2.0012621879577637,0.4514840543270111,0.9831313490867615,86.45161290322581,84.04692082111437,25.52521008403361,68.80182772042647,79.76678714825555,345.70886611938477,1.7348792552947998,0.5,0.001,64,lr_0.001_hc_64
192,3.455781936645508,2.049053907394409,0.45647817850112915,0.9502497911453247,85.82111436950146,84.28152492668622,26.08543417366947,68.64951768488746,79.58405232702505,347.50199246406555,1.7221770286560059,0.5,0.001,64,lr_0.001_hc_64
193,3.4963135719299316,2.05824875831604,0.4516479969024658,0.9864168167114258,86.26099706744868,83.9442815249267,24.92997198879552,68.5649009984769,79.59005986361744,349.29596495628357,1.7232685089111328,0.5,0.001,64,lr_0.001_hc_64
194,3.3207502365112305,1.9973766803741455,0.4602375328540802,0.8631361126899719,86.21700879765396,85.04398826979472,25.700280112044815,69.08952445422237,80.11684050722369,351.09096908569336,1.7212624549865723,0.5,0.001,64,lr_0.001_hc_64
195,3.475011110305786,2.0408108234405518,0.4685644507408142,0.9656357765197754,86.07038123167156,84.35483870967741,25.07002801120448,68.51413098663056,79.64645030932651,352.86083364486694,1.6996073722839355,0.5,0.001,64,lr_0.001_hc_64
196,3.4391520023345947,2.094937324523926,0.44690194725990295,0.8973126411437988,86.158357771261,83.95894428152492,24.439775910364144,68.4125909629379,79.5099643385746,354.6571168899536,1.7231853008270264,0.5,0.001,64,lr_0.001_hc_64
197,3.349249839782715,1.9573063850402832,0.44607701897621155,0.9458664059638977,86.5982404692082,84.22287390029327,25.0,69.2587578270435,80.02662406551498,357.10688614845276,2.375148296356201,0.5,0.001,64,lr_0.001_hc_64
198,3.449927568435669,2.0406723022460938,0.4466274380683899,0.9626278877258301,86.42228739002933,84.80938416422288,23.704481792717086,68.36182095109156,79.86449750178126,358.9819540977478,1.7998864650726318,0.5,0.001,64,lr_0.001_hc_64
199,3.361736536026001,1.978234887123108,0.4380166530609131,0.9454848170280457,86.18768328445748,84.69208211143695,24.754901960784316,68.81875105770858,79.89950548453434,360.75489115715027,1.698225975036621,0.5,0.001,64,lr_0.001_hc_64
200,3.2553610801696777,1.9597089290618896,0.4381375014781952,0.8575146794319153,86.3049853372434,84.48680351906158,25.350140056022408,68.7002876967338,79.83069218434626,362.63303208351135,1.8049414157867432,0.5,0.001,64,lr_0.001_hc_64
